beneficiary_id,name,age,address
1,Beneficiary 1,26,Address 1
2,Beneficiary 2,33,Address 2
3,Beneficiary 3,53,Address 3
4,Beneficiary 4,60,Address 4
5,Beneficiary 5,29,Address 5
6,Beneficiary 6,36,Address 6
7,Beneficiary 7,64,Address 7
8,Beneficiary 8,38,Address 8
9,Beneficiary 9,37,Address 9
10,Beneficiary 10,21,Address 10
11,Beneficiary 11,59,Address 11
12,Beneficiary 12,54,Address 12
13,Beneficiary 13,47,Address 13
14,Beneficiary 14,59,Address 14
15,Beneficiary 15,36,Address 15
16,Beneficiary 16,27,Address 16
17,Beneficiary 17,27,Address 17
18,Beneficiary 18,21,Address 18
19,Beneficiary 19,59,Address 19
20,Beneficiary 20,38,Address 20
21,Beneficiary 21,44,Address 21
22,Beneficiary 22,50,Address 22
23,Beneficiary 23,27,Address 23
24,Beneficiary 24,24,Address 24
25,Beneficiary 25,36,Address 25
26,Beneficiary 26,43,Address 26
27,Beneficiary 27,21,Address 27
28,Beneficiary 28,57,Address 28
29,Beneficiary 29,52,Address 29
30,Beneficiary 30,57,Address 30
31,Beneficiary 31,35,Address 31
32,Beneficiary 32,58,Address 32
33,Beneficiary 33,56,Address 33
34,Beneficiary 34,62,Address 34
35,Beneficiary 35,34,Address 35
36,Beneficiary 36,39,Address 36
37,Beneficiary 37,25,Address 37
38,Beneficiary 38,23,Address 38
39,Beneficiary 39,34,Address 39
40,Beneficiary 40,59,Address 40
41,Beneficiary 41,38,Address 41
42,Beneficiary 42,30,Address 42
43,Beneficiary 43,39,Address 43
44,Beneficiary 44,29,Address 44
45,Beneficiary 45,56,Address 45
46,Beneficiary 46,64,Address 46
47,Beneficiary 47,18,Address 47
48,Beneficiary 48,62,Address 48
49,Beneficiary 49,26,Address 49
50,Beneficiary 50,58,Address 50
51,Beneficiary 51,34,Address 51
52,Beneficiary 52,37,Address 52
53,Beneficiary 53,46,Address 53
54,Beneficiary 54,48,Address 54
55,Beneficiary 55,27,Address 55
56,Beneficiary 56,27,Address 56
57,Beneficiary 57,18,Address 57
58,Beneficiary 58,35,Address 58
59,Beneficiary 59,20,Address 59
60,Beneficiary 60,46,Address 60
61,Beneficiary 61,53,Address 61
62,Beneficiary 62,39,Address 62
63,Beneficiary 63,49,Address 63
64,Beneficiary 64,20,Address 64
65,Beneficiary 65,37,Address 65
66,Beneficiary 66,55,Address 66
67,Beneficiary 67,58,Address 67
68,Beneficiary 68,49,Address 68
69,Beneficiary 69,23,Address 69
70,Beneficiary 70,34,Address 70
71,Beneficiary 71,29,Address 71
72,Beneficiary 72,52,Address 72
73,Beneficiary 73,55,Address 73
74,Beneficiary 74,59,Address 74
75,Beneficiary 75,33,Address 75
76,Beneficiary 76,28,Address 76
77,Beneficiary 77,38,Address 77
78,Beneficiary 78,61,Address 78
79,Beneficiary 79,52,Address 79
80,Beneficiary 80,41,Address 80
81,Beneficiary 81,37,Address 81
82,Beneficiary 82,50,Address 82
83,Beneficiary 83,58,Address 83
84,Beneficiary 84,51,Address 84
85,Beneficiary 85,52,Address 85
86,Beneficiary 86,33,Address 86
87,Beneficiary 87,39,Address 87
88,Beneficiary 88,55,Address 88
89,Beneficiary 89,32,Address 89
90,Beneficiary 90,37,Address 90
91,Beneficiary 91,53,Address 91
92,Beneficiary 92,31,Address 92
93,Beneficiary 93,37,Address 93
94,Beneficiary 94,59,Address 94
95,Beneficiary 95,38,Address 95
96,Beneficiary 96,46,Address 96
97,Beneficiary 97,39,Address 97
98,Beneficiary 98,64,Address 98
99,Beneficiary 99,20,Address 99
100,Beneficiary 100,49,Address 100
101,Beneficiary 101,40,Address 101
102,Beneficiary 102,32,Address 102
103,Beneficiary 103,19,Address 103
104,Beneficiary 104,22,Address 104
105,Beneficiary 105,28,Address 105
106,Beneficiary 106,46,Address 106
107,Beneficiary 107,52,Address 107
108,Beneficiary 108,24,Address 108
109,Beneficiary 109,51,Address 109
110,Beneficiary 110,45,Address 110
111,Beneficiary 111,30,Address 111
112,Beneficiary 112,23,Address 112
113,Beneficiary 113,54,Address 113
114,Beneficiary 114,58,Address 114
115,Beneficiary 115,61,Address 115
116,Beneficiary 116,24,Address 116
117,Beneficiary 117,57,Address 117
118,Beneficiary 118,52,Address 118
119,Beneficiary 119,27,Address 119
120,Beneficiary 120,61,Address 120
121,Beneficiary 121,28,Address 121
122,Beneficiary 122,19,Address 122
123,Beneficiary 123,47,Address 123
124,Beneficiary 124,53,Address 124
125,Beneficiary 125,25,Address 125
126,Beneficiary 126,29,Address 126
127,Beneficiary 127,39,Address 127
128,Beneficiary 128,51,Address 128
129,Beneficiary 129,20,Address 129
130,Beneficiary 130,36,Address 130
131,Beneficiary 131,55,Address 131
132,Beneficiary 132,27,Address 132
133,Beneficiary 133,49,Address 133
134,Beneficiary 134,59,Address 134
135,Beneficiary 135,34,Address 135
136,Beneficiary 136,53,Address 136
137,Beneficiary 137,38,Address 137
138,Beneficiary 138,57,Address 138
139,Beneficiary 139,47,Address 139
140,Beneficiary 140,60,Address 140
141,Beneficiary 141,59,Address 141
142,Beneficiary 142,45,Address 142
143,Beneficiary 143,25,Address 143
144,Beneficiary 144,32,Address 144
145,Beneficiary 145,49,Address 145
146,Beneficiary 146,54,Address 146
147,Beneficiary 147,23,Address 147
148,Beneficiary 148,36,Address 148
149,Beneficiary 149,59,Address 149
150,Beneficiary 150,45,Address 150
151,Beneficiary 151,38,Address 151
152,Beneficiary 152,42,Address 152
153,Beneficiary 153,42,Address 153
154,Beneficiary 154,51,Address 154
155,Beneficiary 155,44,Address 155
156,Beneficiary 156,42,Address 156
157,Beneficiary 157,59,Address 157
158,Beneficiary 158,35,Address 158
159,Beneficiary 159,41,Address 159
160,Beneficiary 160,46,Address 160
161,Beneficiary 161,27,Address 161
162,Beneficiary 162,42,Address 162
163,Beneficiary 163,58,Address 163
164,Beneficiary 164,37,Address 164
165,Beneficiary 165,32,Address 165
166,Beneficiary 166,24,Address 166
167,Beneficiary 167,56,Address 167
168,Beneficiary 168,51,Address 168
169,Beneficiary 169,56,Address 169
170,Beneficiary 170,37,Address 170
171,Beneficiary 171,29,Address 171
172,Beneficiary 172,51,Address 172
173,Beneficiary 173,29,Address 173
174,Beneficiary 174,34,Address 174
175,Beneficiary 175,18,Address 175
176,Beneficiary 176,37,Address 176
177,Beneficiary 177,18,Address 177
178,Beneficiary 178,60,Address 178
179,Beneficiary 179,55,Address 179
180,Beneficiary 180,29,Address 180
181,Beneficiary 181,44,Address 181
182,Beneficiary 182,52,Address 182
183,Beneficiary 183,30,Address 183
184,Beneficiary 184,47,Address 184
185,Beneficiary 185,36,Address 185
186,Beneficiary 186,35,Address 186
187,Beneficiary 187,30,Address 187
188,Beneficiary 188,23,Address 188
189,Beneficiary 189,44,Address 189
190,Beneficiary 190,28,Address 190
191,Beneficiary 191,57,Address 191
192,Beneficiary 192,63,Address 192
193,Beneficiary 193,38,Address 193
194,Beneficiary 194,57,Address 194
195,Beneficiary 195,24,Address 195
196,Beneficiary 196,32,Address 196
197,Beneficiary 197,58,Address 197
198,Beneficiary 198,52,Address 198
199,Beneficiary 199,63,Address 199
200,Beneficiary 200,55,Address 200
201,Beneficiary 201,55,Address 201
202,Beneficiary 202,48,Address 202
203,Beneficiary 203,18,Address 203
204,Beneficiary 204,25,Address 204
205,Beneficiary 205,45,Address 205
206,Beneficiary 206,37,Address 206
207,Beneficiary 207,42,Address 207
208,Beneficiary 208,48,Address 208
209,Beneficiary 209,32,Address 209
210,Beneficiary 210,20,Address 210
211,Beneficiary 211,37,Address 211
212,Beneficiary 212,44,Address 212
213,Beneficiary 213,27,Address 213
214,Beneficiary 214,37,Address 214
215,Beneficiary 215,40,Address 215
216,Beneficiary 216,37,Address 216
217,Beneficiary 217,58,Address 217
218,Beneficiary 218,19,Address 218
219,Beneficiary 219,18,Address 219
220,Beneficiary 220,34,Address 220
221,Beneficiary 221,21,Address 221
222,Beneficiary 222,32,Address 222
223,Beneficiary 223,20,Address 223
224,Beneficiary 224,61,Address 224
225,Beneficiary 225,18,Address 225
226,Beneficiary 226,45,Address 226
227,Beneficiary 227,30,Address 227
228,Beneficiary 228,26,Address 228
229,Beneficiary 229,37,Address 229
230,Beneficiary 230,64,Address 230
231,Beneficiary 231,42,Address 231
232,Beneficiary 232,28,Address 232
233,Beneficiary 233,29,Address 233
234,Beneficiary 234,55,Address 234
235,Beneficiary 235,40,Address 235
236,Beneficiary 236,60,Address 236
237,Beneficiary 237,29,Address 237
238,Beneficiary 238,50,Address 238
239,Beneficiary 239,52,Address 239
240,Beneficiary 240,28,Address 240
241,Beneficiary 241,20,Address 241
242,Beneficiary 242,35,Address 242
243,Beneficiary 243,28,Address 243
244,Beneficiary 244,53,Address 244
245,Beneficiary 245,27,Address 245
246,Beneficiary 246,21,Address 246
247,Beneficiary 247,28,Address 247
248,Beneficiary 248,44,Address 248
249,Beneficiary 249,51,Address 249
250,Beneficiary 250,25,Address 250
251,Beneficiary 251,35,Address 251
252,Beneficiary 252,22,Address 252
253,Beneficiary 253,40,Address 253
254,Beneficiary 254,23,Address 254
255,Beneficiary 255,21,Address 255
256,Beneficiary 256,35,Address 256
257,Beneficiary 257,31,Address 257
258,Beneficiary 258,40,Address 258
259,Beneficiary 259,30,Address 259
260,Beneficiary 260,52,Address 260
261,Beneficiary 261,62,Address 261
262,Beneficiary 262,28,Address 262
263,Beneficiary 263,42,Address 263
264,Beneficiary 264,55,Address 264
265,Beneficiary 265,61,Address 265
266,Beneficiary 266,27,Address 266
267,Beneficiary 267,60,Address 267
268,Beneficiary 268,51,Address 268
269,Beneficiary 269,27,Address 269
270,Beneficiary 270,20,Address 270
271,Beneficiary 271,45,Address 271
272,Beneficiary 272,49,Address 272
273,Beneficiary 273,40,Address 273
274,Beneficiary 274,63,Address 274
275,Beneficiary 275,49,Address 275
276,Beneficiary 276,39,Address 276
277,Beneficiary 277,41,Address 277
278,Beneficiary 278,54,Address 278
279,Beneficiary 279,54,Address 279
280,Beneficiary 280,36,Address 280
281,Beneficiary 281,39,Address 281
282,Beneficiary 282,57,Address 282
283,Beneficiary 283,33,Address 283
284,Beneficiary 284,42,Address 284
285,Beneficiary 285,35,Address 285
286,Beneficiary 286,24,Address 286
287,Beneficiary 287,44,Address 287
288,Beneficiary 288,63,Address 288
289,Beneficiary 289,48,Address 289
290,Beneficiary 290,21,Address 290
291,Beneficiary 291,23,Address 291
292,Beneficiary 292,60,Address 292
293,Beneficiary 293,33,Address 293
294,Beneficiary 294,56,Address 294
295,Beneficiary 295,20,Address 295
296,Beneficiary 296,58,Address 296
297,Beneficiary 297,50,Address 297
298,Beneficiary 298,45,Address 298
299,Beneficiary 299,46,Address 299
300,Beneficiary 300,62,Address 300
301,Beneficiary 301,63,Address 301
302,Beneficiary 302,46,Address 302
303,Beneficiary 303,37,Address 303
304,Beneficiary 304,25,Address 304
305,Beneficiary 305,57,Address 305
306,Beneficiary 306,28,Address 306
307,Beneficiary 307,36,Address 307
308,Beneficiary 308,58,Address 308
309,Beneficiary 309,54,Address 309
310,Beneficiary 310,48,Address 310
311,Beneficiary 311,23,Address 311
312,Beneficiary 312,63,Address 312
313,Beneficiary 313,18,Address 313
314,Beneficiary 314,46,Address 314
315,Beneficiary 315,54,Address 315
316,Beneficiary 316,39,Address 316
317,Beneficiary 317,41,Address 317
318,Beneficiary 318,53,Address 318
319,Beneficiary 319,57,Address 319
320,Beneficiary 320,37,Address 320
321,Beneficiary 321,19,Address 321
322,Beneficiary 322,56,Address 322
323,Beneficiary 323,59,Address 323
324,Beneficiary 324,35,Address 324
325,Beneficiary 325,42,Address 325
326,Beneficiary 326,54,Address 326
327,Beneficiary 327,48,Address 327
328,Beneficiary 328,53,Address 328
329,Beneficiary 329,18,Address 329
330,Beneficiary 330,53,Address 330
331,Beneficiary 331,29,Address 331
332,Beneficiary 332,37,Address 332
333,Beneficiary 333,24,Address 333
334,Beneficiary 334,55,Address 334
335,Beneficiary 335,52,Address 335
336,Beneficiary 336,35,Address 336
337,Beneficiary 337,55,Address 337
338,Beneficiary 338,58,Address 338
339,Beneficiary 339,41,Address 339
340,Beneficiary 340,56,Address 340
341,Beneficiary 341,43,Address 341
342,Beneficiary 342,63,Address 342
343,Beneficiary 343,58,Address 343
344,Beneficiary 344,22,Address 344
345,Beneficiary 345,32,Address 345
346,Beneficiary 346,55,Address 346
347,Beneficiary 347,23,Address 347
348,Beneficiary 348,63,Address 348
349,Beneficiary 349,35,Address 349
350,Beneficiary 350,41,Address 350
351,Beneficiary 351,23,Address 351
352,Beneficiary 352,51,Address 352
353,Beneficiary 353,60,Address 353
354,Beneficiary 354,21,Address 354
355,Beneficiary 355,31,Address 355
356,Beneficiary 356,57,Address 356
357,Beneficiary 357,57,Address 357
358,Beneficiary 358,19,Address 358
359,Beneficiary 359,36,Address 359
360,Beneficiary 360,37,Address 360
361,Beneficiary 361,30,Address 361
362,Beneficiary 362,21,Address 362
363,Beneficiary 363,43,Address 363
364,Beneficiary 364,25,Address 364
365,Beneficiary 365,62,Address 365
366,Beneficiary 366,35,Address 366
367,Beneficiary 367,63,Address 367
368,Beneficiary 368,64,Address 368
369,Beneficiary 369,47,Address 369
370,Beneficiary 370,47,Address 370
371,Beneficiary 371,25,Address 371
372,Beneficiary 372,29,Address 372
373,Beneficiary 373,27,Address 373
374,Beneficiary 374,39,Address 374
375,Beneficiary 375,19,Address 375
376,Beneficiary 376,43,Address 376
377,Beneficiary 377,62,Address 377
378,Beneficiary 378,49,Address 378
379,Beneficiary 379,22,Address 379
380,Beneficiary 380,24,Address 380
381,Beneficiary 381,36,Address 381
382,Beneficiary 382,40,Address 382
383,Beneficiary 383,38,Address 383
384,Beneficiary 384,58,Address 384
385,Beneficiary 385,56,Address 385
386,Beneficiary 386,63,Address 386
387,Beneficiary 387,18,Address 387
388,Beneficiary 388,39,Address 388
389,Beneficiary 389,52,Address 389
390,Beneficiary 390,35,Address 390
391,Beneficiary 391,31,Address 391
392,Beneficiary 392,39,Address 392
393,Beneficiary 393,32,Address 393
394,Beneficiary 394,50,Address 394
395,Beneficiary 395,44,Address 395
396,Beneficiary 396,36,Address 396
397,Beneficiary 397,42,Address 397
398,Beneficiary 398,60,Address 398
399,Beneficiary 399,45,Address 399
400,Beneficiary 400,32,Address 400
401,Beneficiary 401,60,Address 401
402,Beneficiary 402,62,Address 402
403,Beneficiary 403,51,Address 403
404,Beneficiary 404,35,Address 404
405,Beneficiary 405,63,Address 405
406,Beneficiary 406,33,Address 406
407,Beneficiary 407,50,Address 407
408,Beneficiary 408,28,Address 408
409,Beneficiary 409,24,Address 409
410,Beneficiary 410,59,Address 410
411,Beneficiary 411,38,Address 411
412,Beneficiary 412,60,Address 412
413,Beneficiary 413,46,Address 413
414,Beneficiary 414,48,Address 414
415,Beneficiary 415,54,Address 415
416,Beneficiary 416,60,Address 416
417,Beneficiary 417,23,Address 417
418,Beneficiary 418,31,Address 418
419,Beneficiary 419,62,Address 419
420,Beneficiary 420,28,Address 420
421,Beneficiary 421,51,Address 421
422,Beneficiary 422,34,Address 422
423,Beneficiary 423,47,Address 423
424,Beneficiary 424,39,Address 424
425,Beneficiary 425,26,Address 425
426,Beneficiary 426,38,Address 426
427,Beneficiary 427,55,Address 427
428,Beneficiary 428,26,Address 428
429,Beneficiary 429,32,Address 429
430,Beneficiary 430,31,Address 430
431,Beneficiary 431,32,Address 431
432,Beneficiary 432,55,Address 432
433,Beneficiary 433,35,Address 433
434,Beneficiary 434,61,Address 434
435,Beneficiary 435,37,Address 435
436,Beneficiary 436,18,Address 436
437,Beneficiary 437,49,Address 437
438,Beneficiary 438,47,Address 438
439,Beneficiary 439,59,Address 439
440,Beneficiary 440,26,Address 440
441,Beneficiary 441,38,Address 441
442,Beneficiary 442,21,Address 442
443,Beneficiary 443,19,Address 443
444,Beneficiary 444,59,Address 444
445,Beneficiary 445,44,Address 445
446,Beneficiary 446,49,Address 446
447,Beneficiary 447,24,Address 447
448,Beneficiary 448,23,Address 448
449,Beneficiary 449,45,Address 449
450,Beneficiary 450,53,Address 450
451,Beneficiary 451,64,Address 451
452,Beneficiary 452,26,Address 452
453,Beneficiary 453,32,Address 453
454,Beneficiary 454,34,Address 454
455,Beneficiary 455,19,Address 455
456,Beneficiary 456,56,Address 456
457,Beneficiary 457,62,Address 457
458,Beneficiary 458,21,Address 458
459,Beneficiary 459,46,Address 459
460,Beneficiary 460,25,Address 460
461,Beneficiary 461,50,Address 461
462,Beneficiary 462,38,Address 462
463,Beneficiary 463,51,Address 463
464,Beneficiary 464,58,Address 464
465,Beneficiary 465,31,Address 465
466,Beneficiary 466,52,Address 466
467,Beneficiary 467,46,Address 467
468,Beneficiary 468,51,Address 468
469,Beneficiary 469,45,Address 469
470,Beneficiary 470,62,Address 470
471,Beneficiary 471,44,Address 471
472,Beneficiary 472,45,Address 472
473,Beneficiary 473,40,Address 473
474,Beneficiary 474,22,Address 474
475,Beneficiary 475,36,Address 475
476,Beneficiary 476,18,Address 476
477,Beneficiary 477,23,Address 477
478,Beneficiary 478,25,Address 478
479,Beneficiary 479,57,Address 479
480,Beneficiary 480,61,Address 480
481,Beneficiary 481,61,Address 481
482,Beneficiary 482,54,Address 482
483,Beneficiary 483,55,Address 483
484,Beneficiary 484,26,Address 484
485,Beneficiary 485,18,Address 485
486,Beneficiary 486,58,Address 486
487,Beneficiary 487,32,Address 487
488,Beneficiary 488,37,Address 488
489,Beneficiary 489,53,Address 489
490,Beneficiary 490,41,Address 490
491,Beneficiary 491,63,Address 491
492,Beneficiary 492,23,Address 492
493,Beneficiary 493,44,Address 493
494,Beneficiary 494,33,Address 494
495,Beneficiary 495,56,Address 495
496,Beneficiary 496,62,Address 496
497,Beneficiary 497,38,Address 497
498,Beneficiary 498,38,Address 498
499,Beneficiary 499,40,Address 499
500,Beneficiary 500,51,Address 500
501,Beneficiary 501,48,Address 501
502,Beneficiary 502,61,Address 502
503,Beneficiary 503,63,Address 503
504,Beneficiary 504,60,Address 504
505,Beneficiary 505,30,Address 505
506,Beneficiary 506,31,Address 506
507,Beneficiary 507,18,Address 507
508,Beneficiary 508,52,Address 508
509,Beneficiary 509,30,Address 509
510,Beneficiary 510,32,Address 510
511,Beneficiary 511,21,Address 511
512,Beneficiary 512,40,Address 512
513,Beneficiary 513,44,Address 513
514,Beneficiary 514,47,Address 514
515,Beneficiary 515,56,Address 515
516,Beneficiary 516,61,Address 516
517,Beneficiary 517,21,Address 517
518,Beneficiary 518,54,Address 518
519,Beneficiary 519,37,Address 519
520,Beneficiary 520,28,Address 520
521,Beneficiary 521,59,Address 521
522,Beneficiary 522,28,Address 522
523,Beneficiary 523,18,Address 523
524,Beneficiary 524,60,Address 524
525,Beneficiary 525,63,Address 525
526,Beneficiary 526,21,Address 526
527,Beneficiary 527,47,Address 527
528,Beneficiary 528,23,Address 528
529,Beneficiary 529,63,Address 529
530,Beneficiary 530,51,Address 530
531,Beneficiary 531,44,Address 531
532,Beneficiary 532,34,Address 532
533,Beneficiary 533,27,Address 533
534,Beneficiary 534,51,Address 534
535,Beneficiary 535,36,Address 535
536,Beneficiary 536,61,Address 536
537,Beneficiary 537,22,Address 537
538,Beneficiary 538,23,Address 538
539,Beneficiary 539,40,Address 539
540,Beneficiary 540,37,Address 540
541,Beneficiary 541,34,Address 541
542,Beneficiary 542,25,Address 542
543,Beneficiary 543,29,Address 543
544,Beneficiary 544,26,Address 544
545,Beneficiary 545,24,Address 545
546,Beneficiary 546,47,Address 546
547,Beneficiary 547,59,Address 547
548,Beneficiary 548,20,Address 548
549,Beneficiary 549,38,Address 549
550,Beneficiary 550,59,Address 550
551,Beneficiary 551,62,Address 551
552,Beneficiary 552,33,Address 552
553,Beneficiary 553,47,Address 553
554,Beneficiary 554,31,Address 554
555,Beneficiary 555,44,Address 555
556,Beneficiary 556,55,Address 556
557,Beneficiary 557,62,Address 557
558,Beneficiary 558,41,Address 558
559,Beneficiary 559,55,Address 559
560,Beneficiary 560,18,Address 560
561,Beneficiary 561,25,Address 561
562,Beneficiary 562,36,Address 562
563,Beneficiary 563,63,Address 563
564,Beneficiary 564,43,Address 564
565,Beneficiary 565,63,Address 565
566,Beneficiary 566,52,Address 566
567,Beneficiary 567,55,Address 567
568,Beneficiary 568,35,Address 568
569,Beneficiary 569,53,Address 569
570,Beneficiary 570,38,Address 570
571,Beneficiary 571,56,Address 571
572,Beneficiary 572,31,Address 572
573,Beneficiary 573,19,Address 573
574,Beneficiary 574,25,Address 574
575,Beneficiary 575,55,Address 575
576,Beneficiary 576,44,Address 576
577,Beneficiary 577,33,Address 577
578,Beneficiary 578,25,Address 578
579,Beneficiary 579,21,Address 579
580,Beneficiary 580,27,Address 580
581,Beneficiary 581,38,Address 581
582,Beneficiary 582,43,Address 582
583,Beneficiary 583,41,Address 583
584,Beneficiary 584,34,Address 584
585,Beneficiary 585,52,Address 585
586,Beneficiary 586,53,Address 586
587,Beneficiary 587,56,Address 587
588,Beneficiary 588,18,Address 588
589,Beneficiary 589,32,Address 589
590,Beneficiary 590,30,Address 590
591,Beneficiary 591,24,Address 591
592,Beneficiary 592,25,Address 592
593,Beneficiary 593,37,Address 593
594,Beneficiary 594,47,Address 594
595,Beneficiary 595,29,Address 595
596,Beneficiary 596,22,Address 596
597,Beneficiary 597,51,Address 597
598,Beneficiary 598,25,Address 598
599,Beneficiary 599,33,Address 599
600,Beneficiary 600,41,Address 600
601,Beneficiary 601,22,Address 601
602,Beneficiary 602,35,Address 602
603,Beneficiary 603,31,Address 603
604,Beneficiary 604,28,Address 604
605,Beneficiary 605,46,Address 605
606,Beneficiary 606,56,Address 606
607,Beneficiary 607,50,Address 607
608,Beneficiary 608,34,Address 608
609,Beneficiary 609,59,Address 609
610,Beneficiary 610,35,Address 610
611,Beneficiary 611,35,Address 611
612,Beneficiary 612,55,Address 612
613,Beneficiary 613,27,Address 613
614,Beneficiary 614,27,Address 614
615,Beneficiary 615,47,Address 615
616,Beneficiary 616,44,Address 616
617,Beneficiary 617,57,Address 617
618,Beneficiary 618,26,Address 618
619,Beneficiary 619,34,Address 619
620,Beneficiary 620,61,Address 620
621,Beneficiary 621,35,Address 621
622,Beneficiary 622,48,Address 622
623,Beneficiary 623,23,Address 623
624,Beneficiary 624,60,Address 624
625,Beneficiary 625,46,Address 625
626,Beneficiary 626,30,Address 626
627,Beneficiary 627,61,Address 627
628,Beneficiary 628,52,Address 628
629,Beneficiary 629,35,Address 629
630,Beneficiary 630,41,Address 630
631,Beneficiary 631,35,Address 631
632,Beneficiary 632,57,Address 632
633,Beneficiary 633,53,Address 633
634,Beneficiary 634,19,Address 634
635,Beneficiary 635,37,Address 635
636,Beneficiary 636,51,Address 636
637,Beneficiary 637,36,Address 637
638,Beneficiary 638,41,Address 638
639,Beneficiary 639,33,Address 639
640,Beneficiary 640,55,Address 640
641,Beneficiary 641,30,Address 641
642,Beneficiary 642,39,Address 642
643,Beneficiary 643,20,Address 643
644,Beneficiary 644,44,Address 644
645,Beneficiary 645,25,Address 645
646,Beneficiary 646,57,Address 646
647,Beneficiary 647,36,Address 647
648,Beneficiary 648,35,Address 648
649,Beneficiary 649,31,Address 649
650,Beneficiary 650,32,Address 650
651,Beneficiary 651,36,Address 651
652,Beneficiary 652,64,Address 652
653,Beneficiary 653,31,Address 653
654,Beneficiary 654,34,Address 654
655,Beneficiary 655,43,Address 655
656,Beneficiary 656,26,Address 656
657,Beneficiary 657,52,Address 657
658,Beneficiary 658,24,Address 658
659,Beneficiary 659,57,Address 659
660,Beneficiary 660,23,Address 660
661,Beneficiary 661,44,Address 661
662,Beneficiary 662,35,Address 662
663,Beneficiary 663,49,Address 663
664,Beneficiary 664,61,Address 664
665,Beneficiary 665,23,Address 665
666,Beneficiary 666,36,Address 666
667,Beneficiary 667,27,Address 667
668,Beneficiary 668,57,Address 668
669,Beneficiary 669,60,Address 669
670,Beneficiary 670,35,Address 670
671,Beneficiary 671,55,Address 671
672,Beneficiary 672,47,Address 672
673,Beneficiary 673,60,Address 673
674,Beneficiary 674,51,Address 674
675,Beneficiary 675,55,Address 675
676,Beneficiary 676,22,Address 676
677,Beneficiary 677,36,Address 677
678,Beneficiary 678,40,Address 678
679,Beneficiary 679,61,Address 679
680,Beneficiary 680,41,Address 680
681,Beneficiary 681,23,Address 681
682,Beneficiary 682,37,Address 682
683,Beneficiary 683,28,Address 683
684,Beneficiary 684,56,Address 684
685,Beneficiary 685,24,Address 685
686,Beneficiary 686,25,Address 686
687,Beneficiary 687,52,Address 687
688,Beneficiary 688,44,Address 688
689,Beneficiary 689,50,Address 689
690,Beneficiary 690,64,Address 690
691,Beneficiary 691,39,Address 691
692,Beneficiary 692,58,Address 692
693,Beneficiary 693,22,Address 693
694,Beneficiary 694,27,Address 694
695,Beneficiary 695,28,Address 695
696,Beneficiary 696,50,Address 696
697,Beneficiary 697,42,Address 697
698,Beneficiary 698,57,Address 698
699,Beneficiary 699,46,Address 699
700,Beneficiary 700,25,Address 700
701,Beneficiary 701,62,Address 701
702,Beneficiary 702,47,Address 702
703,Beneficiary 703,35,Address 703
704,Beneficiary 704,50,Address 704
705,Beneficiary 705,41,Address 705
706,Beneficiary 706,53,Address 706
707,Beneficiary 707,50,Address 707
708,Beneficiary 708,33,Address 708
709,Beneficiary 709,60,Address 709
710,Beneficiary 710,40,Address 710
711,Beneficiary 711,48,Address 711
712,Beneficiary 712,51,Address 712
713,Beneficiary 713,43,Address 713
714,Beneficiary 714,57,Address 714
715,Beneficiary 715,53,Address 715
716,Beneficiary 716,32,Address 716
717,Beneficiary 717,54,Address 717
718,Beneficiary 718,54,Address 718
719,Beneficiary 719,49,Address 719
720,Beneficiary 720,39,Address 720
721,Beneficiary 721,20,Address 721
722,Beneficiary 722,21,Address 722
723,Beneficiary 723,62,Address 723
724,Beneficiary 724,57,Address 724
725,Beneficiary 725,35,Address 725
726,Beneficiary 726,44,Address 726
727,Beneficiary 727,53,Address 727
728,Beneficiary 728,50,Address 728
729,Beneficiary 729,62,Address 729
730,Beneficiary 730,52,Address 730
731,Beneficiary 731,25,Address 731
732,Beneficiary 732,48,Address 732
733,Beneficiary 733,45,Address 733
734,Beneficiary 734,39,Address 734
735,Beneficiary 735,55,Address 735
736,Beneficiary 736,58,Address 736
737,Beneficiary 737,20,Address 737
738,Beneficiary 738,41,Address 738
739,Beneficiary 739,23,Address 739
740,Beneficiary 740,60,Address 740
741,Beneficiary 741,63,Address 741
742,Beneficiary 742,28,Address 742
743,Beneficiary 743,24,Address 743
744,Beneficiary 744,30,Address 744
745,Beneficiary 745,43,Address 745
746,Beneficiary 746,59,Address 746
747,Beneficiary 747,31,Address 747
748,Beneficiary 748,27,Address 748
749,Beneficiary 749,26,Address 749
750,Beneficiary 750,41,Address 750
751,Beneficiary 751,61,Address 751
752,Beneficiary 752,28,Address 752
753,Beneficiary 753,38,Address 753
754,Beneficiary 754,39,Address 754
755,Beneficiary 755,45,Address 755
756,Beneficiary 756,27,Address 756
757,Beneficiary 757,54,Address 757
758,Beneficiary 758,48,Address 758
759,Beneficiary 759,64,Address 759
760,Beneficiary 760,57,Address 760
761,Beneficiary 761,36,Address 761
762,Beneficiary 762,20,Address 762
763,Beneficiary 763,24,Address 763
764,Beneficiary 764,30,Address 764
765,Beneficiary 765,35,Address 765
766,Beneficiary 766,62,Address 766
767,Beneficiary 767,52,Address 767
768,Beneficiary 768,55,Address 768
769,Beneficiary 769,27,Address 769
770,Beneficiary 770,50,Address 770
771,Beneficiary 771,37,Address 771
772,Beneficiary 772,23,Address 772
773,Beneficiary 773,39,Address 773
774,Beneficiary 774,36,Address 774
775,Beneficiary 775,49,Address 775
776,Beneficiary 776,37,Address 776
777,Beneficiary 777,51,Address 777
778,Beneficiary 778,59,Address 778
779,Beneficiary 779,25,Address 779
780,Beneficiary 780,36,Address 780
781,Beneficiary 781,35,Address 781
782,Beneficiary 782,57,Address 782
783,Beneficiary 783,35,Address 783
784,Beneficiary 784,31,Address 784
785,Beneficiary 785,64,Address 785
786,Beneficiary 786,52,Address 786
787,Beneficiary 787,48,Address 787
788,Beneficiary 788,18,Address 788
789,Beneficiary 789,57,Address 789
790,Beneficiary 790,36,Address 790
791,Beneficiary 791,36,Address 791
792,Beneficiary 792,37,Address 792
793,Beneficiary 793,62,Address 793
794,Beneficiary 794,60,Address 794
795,Beneficiary 795,45,Address 795
796,Beneficiary 796,46,Address 796
797,Beneficiary 797,64,Address 797
798,Beneficiary 798,59,Address 798
799,Beneficiary 799,49,Address 799
800,Beneficiary 800,25,Address 800
801,Beneficiary 801,36,Address 801
802,Beneficiary 802,36,Address 802
803,Beneficiary 803,57,Address 803
804,Beneficiary 804,43,Address 804
805,Beneficiary 805,18,Address 805
806,Beneficiary 806,44,Address 806
807,Beneficiary 807,62,Address 807
808,Beneficiary 808,49,Address 808
809,Beneficiary 809,56,Address 809
810,Beneficiary 810,40,Address 810
811,Beneficiary 811,46,Address 811
812,Beneficiary 812,41,Address 812
813,Beneficiary 813,59,Address 813
814,Beneficiary 814,40,Address 814
815,Beneficiary 815,27,Address 815
816,Beneficiary 816,60,Address 816
817,Beneficiary 817,21,Address 817
818,Beneficiary 818,20,Address 818
819,Beneficiary 819,27,Address 819
820,Beneficiary 820,43,Address 820
821,Beneficiary 821,34,Address 821
822,Beneficiary 822,35,Address 822
823,Beneficiary 823,57,Address 823
824,Beneficiary 824,50,Address 824
825,Beneficiary 825,48,Address 825
826,Beneficiary 826,22,Address 826
827,Beneficiary 827,28,Address 827
828,Beneficiary 828,29,Address 828
829,Beneficiary 829,45,Address 829
830,Beneficiary 830,26,Address 830
831,Beneficiary 831,34,Address 831
832,Beneficiary 832,22,Address 832
833,Beneficiary 833,28,Address 833
834,Beneficiary 834,59,Address 834
835,Beneficiary 835,49,Address 835
836,Beneficiary 836,19,Address 836
837,Beneficiary 837,29,Address 837
838,Beneficiary 838,43,Address 838
839,Beneficiary 839,43,Address 839
840,Beneficiary 840,29,Address 840
841,Beneficiary 841,21,Address 841
842,Beneficiary 842,21,Address 842
843,Beneficiary 843,53,Address 843
844,Beneficiary 844,33,Address 844
845,Beneficiary 845,31,Address 845
846,Beneficiary 846,40,Address 846
847,Beneficiary 847,25,Address 847
848,Beneficiary 848,59,Address 848
849,Beneficiary 849,51,Address 849
850,Beneficiary 850,63,Address 850
851,Beneficiary 851,19,Address 851
852,Beneficiary 852,52,Address 852
853,Beneficiary 853,28,Address 853
854,Beneficiary 854,18,Address 854
855,Beneficiary 855,48,Address 855
856,Beneficiary 856,39,Address 856
857,Beneficiary 857,62,Address 857
858,Beneficiary 858,47,Address 858
859,Beneficiary 859,58,Address 859
860,Beneficiary 860,35,Address 860
861,Beneficiary 861,60,Address 861
862,Beneficiary 862,37,Address 862
863,Beneficiary 863,35,Address 863
864,Beneficiary 864,41,Address 864
865,Beneficiary 865,24,Address 865
866,Beneficiary 866,57,Address 866
867,Beneficiary 867,34,Address 867
868,Beneficiary 868,47,Address 868
869,Beneficiary 869,20,Address 869
870,Beneficiary 870,18,Address 870
871,Beneficiary 871,23,Address 871
872,Beneficiary 872,47,Address 872
873,Beneficiary 873,41,Address 873
874,Beneficiary 874,43,Address 874
875,Beneficiary 875,33,Address 875
876,Beneficiary 876,26,Address 876
877,Beneficiary 877,22,Address 877
878,Beneficiary 878,27,Address 878
879,Beneficiary 879,49,Address 879
880,Beneficiary 880,56,Address 880
881,Beneficiary 881,55,Address 881
882,Beneficiary 882,64,Address 882
883,Beneficiary 883,36,Address 883
884,Beneficiary 884,51,Address 884
885,Beneficiary 885,24,Address 885
886,Beneficiary 886,34,Address 886
887,Beneficiary 887,52,Address 887
888,Beneficiary 888,55,Address 888
889,Beneficiary 889,48,Address 889
890,Beneficiary 890,47,Address 890
891,Beneficiary 891,52,Address 891
892,Beneficiary 892,62,Address 892
893,Beneficiary 893,26,Address 893
894,Beneficiary 894,24,Address 894
895,Beneficiary 895,29,Address 895
896,Beneficiary 896,61,Address 896
897,Beneficiary 897,62,Address 897
898,Beneficiary 898,19,Address 898
899,Beneficiary 899,51,Address 899
900,Beneficiary 900,22,Address 900
901,Beneficiary 901,44,Address 901
902,Beneficiary 902,50,Address 902
903,Beneficiary 903,28,Address 903
904,Beneficiary 904,46,Address 904
905,Beneficiary 905,56,Address 905
906,Beneficiary 906,40,Address 906
907,Beneficiary 907,27,Address 907
908,Beneficiary 908,63,Address 908
909,Beneficiary 909,56,Address 909
910,Beneficiary 910,36,Address 910
911,Beneficiary 911,28,Address 911
912,Beneficiary 912,63,Address 912
913,Beneficiary 913,50,Address 913
914,Beneficiary 914,59,Address 914
915,Beneficiary 915,29,Address 915
916,Beneficiary 916,19,Address 916
917,Beneficiary 917,54,Address 917
918,Beneficiary 918,26,Address 918
919,Beneficiary 919,64,Address 919
920,Beneficiary 920,38,Address 920
921,Beneficiary 921,63,Address 921
922,Beneficiary 922,50,Address 922
923,Beneficiary 923,58,Address 923
924,Beneficiary 924,49,Address 924
925,Beneficiary 925,41,Address 925
926,Beneficiary 926,26,Address 926
927,Beneficiary 927,55,Address 927
928,Beneficiary 928,62,Address 928
929,Beneficiary 929,40,Address 929
930,Beneficiary 930,45,Address 930
931,Beneficiary 931,41,Address 931
932,Beneficiary 932,22,Address 932
933,Beneficiary 933,54,Address 933
934,Beneficiary 934,33,Address 934
935,Beneficiary 935,28,Address 935
936,Beneficiary 936,24,Address 936
937,Beneficiary 937,54,Address 937
938,Beneficiary 938,19,Address 938
939,Beneficiary 939,35,Address 939
940,Beneficiary 940,60,Address 940
941,Beneficiary 941,37,Address 941
942,Beneficiary 942,59,Address 942
943,Beneficiary 943,61,Address 943
944,Beneficiary 944,64,Address 944
945,Beneficiary 945,53,Address 945
946,Beneficiary 946,52,Address 946
947,Beneficiary 947,33,Address 947
948,Beneficiary 948,55,Address 948
949,Beneficiary 949,25,Address 949
950,Beneficiary 950,35,Address 950
951,Beneficiary 951,45,Address 951
952,Beneficiary 952,43,Address 952
953,Beneficiary 953,53,Address 953
954,Beneficiary 954,25,Address 954
955,Beneficiary 955,56,Address 955
956,Beneficiary 956,60,Address 956
957,Beneficiary 957,19,Address 957
958,Beneficiary 958,19,Address 958
959,Beneficiary 959,64,Address 959
960,Beneficiary 960,37,Address 960
961,Beneficiary 961,41,Address 961
962,Beneficiary 962,56,Address 962
963,Beneficiary 963,52,Address 963
964,Beneficiary 964,55,Address 964
965,Beneficiary 965,34,Address 965
966,Beneficiary 966,51,Address 966
967,Beneficiary 967,28,Address 967
968,Beneficiary 968,61,Address 968
969,Beneficiary 969,40,Address 969
970,Beneficiary 970,37,Address 970
971,Beneficiary 971,51,Address 971
972,Beneficiary 972,35,Address 972
973,Beneficiary 973,58,Address 973
974,Beneficiary 974,52,Address 974
975,Beneficiary 975,46,Address 975
976,Beneficiary 976,46,Address 976
977,Beneficiary 977,41,Address 977
978,Beneficiary 978,18,Address 978
979,Beneficiary 979,22,Address 979
980,Beneficiary 980,24,Address 980
981,Beneficiary 981,22,Address 981
982,Beneficiary 982,47,Address 982
983,Beneficiary 983,19,Address 983
984,Beneficiary 984,57,Address 984
985,Beneficiary 985,54,Address 985
986,Beneficiary 986,34,Address 986
987,Beneficiary 987,50,Address 987
988,Beneficiary 988,20,Address 988
989,Beneficiary 989,60,Address 989
990,Beneficiary 990,31,Address 990
991,Beneficiary 991,60,Address 991
992,Beneficiary 992,35,Address 992
993,Beneficiary 993,22,Address 993
994,Beneficiary 994,57,Address 994
995,Beneficiary 995,41,Address 995
996,Beneficiary 996,26,Address 996
997,Beneficiary 997,23,Address 997
998,Beneficiary 998,19,Address 998
999,Beneficiary 999,50,Address 999
1000,Beneficiary 1000,52,Address 1000
